FullName,DateOfBirth,Phone,Passport,Address,BillNumber,Amount
Mauricio Stracke,01/19/2003,408-511-2723,AB6944183,West Armandomouth,920289,2570
Gail Marquardt,02/02/1990,990-429-3354,PP3656190,South Wallace,481205,5738
Mercedes Haley,03/29/1986,793-233-0674,OL1387208,North Aidan,208407,8129
Alexa Abbott,05/08/1983,902-732-8913,OL4755008,New Maymouth,673308,4349
Dulce Windler,07/21/1981,881-894-3841,OL1916930,New Charleyland,506415,5138
Elmore Cormier,12/11/1949,413-330-3019,PM7463348,Terrymouth,522451,1624
Dandre Jast,05/17/2001,225-583-8972,TT8001984,East Cordiaberg,896838,5610
Chelsie Denesik,08/20/1983,416-604-1814,PM3326837,West Earlside,977268,1338
Hunter Cartwright,08/18/1987,473-718-7443,OL9169766,Kozeymouth,979419,1466
Yessenia Roob,10/13/1975,250-419-7246,OL3492993,South Luciousmouth,351037,5487
Reagan Kozey,05/24/1994,768-664-6739,OL4763162,New Cynthiaborough,374711,186
Roberta Volkman,03/09/1978,724-494-4277,OL9100461,South Myraside,365181,3145
Rahul Abshire,02/02/1995,213-912-3002,AB3491711,Caterinatown,686785,5934
Walker Reinger,09/14/1994,763-657-1550,OL8051177,New Namefurt,636589,7661
Delores Mosciski,02/13/1993,681-267-9078,AB4350973,Lake Fredyberg,954249,496
Tyra Streich,07/13/1985,699-483-1352,AB3007995,Lake Sallieborough,484703,530
Sylvan Tromp,10/06/1995,980-405-3050,PP8319947,Elvisport,506964,9657
Eveline Harvey,05/13/1974,911-209-5235,OL5397822,Colinbury,263384,8329
Jeramie Hettinger,06/25/1984,953-315-5928,PM5140942,Moenton,435805,1385
Tianna Pfannerstill,05/05/1983,595-261-4522,AB3532813,Wilfredoburgh,687315,5860
Cedrick Smitham,08/20/1988,322-865-5369,PP9253806,South Grayson,749710,5151
Sally Rosenbaum,07/07/1994,520-940-1241,PP4845037,Lake Jamal,344469,5676
Cecelia Gutmann,01/08/1945,330-925-6629,OL2259732,Alejandraland,564369,411
Cristopher Mraz,08/27/2001,975-827-8984,OL7249087,New Gene,325877,5810
Marcellus Carter,11/04/1955,947-625-5210,AB8741911,Martinachester,191845,9124
Ignatius Schuster,01/17/1998,562-310-9485,OL8676911,East Anastacio,208218,9469
Andy Conn,09/16/1946,466-864-6937,PM5362104,Williamsontown,437199,4911
Christine McKenzie,06/21/1981,759-438-2322,AB1841674,Blandabury,495059,918
Teagan Graham,09/25/1987,318-484-6704,AB1974590,Gersonmouth,196663,9528
Fern Leffler,03/09/1987,815-785-1510,PP9964070,Port Kenyatta,881352,9800

